{"duffelbag":{"male":{"offset":{"z":-0.02,"x":-0.04999999999999,"y":-0.08},"bone":24818,"rotation":{"z":-178.0,"x":-2.0,"y":90.0}}},"duffelbag_pro2":{"male":{"offset":{"z":0.04,"x":-0.21,"y":-0.15},"bone":24818,"rotation":{"z":169.0,"x":-10.0,"y":90.0}}},"handbag":{"male":{"offset":{"z":-0.14999999999999,"x":-0.53,"y":0.11999999999999},"bone":57005,"rotation":{"z":-56.0,"x":153.0,"y":42.0}}},"briefcase":{"male":{"offset":{"z":0.07999999999999,"x":0.13,"y":0.01},"bone":57005,"rotation":{"z":64.0,"x":-79.0,"y":-20.0}}},"backpack":{"male":{"offset":{"z":-0.06999999999999,"x":0.09,"y":-0.15},"bone":24818,"rotation":{"z":177.0,"x":11.0,"y":90.0}}}}