{"handbag":{"male":{"rotation":{"y":42.0,"x":153.0,"z":-56.0},"bone":57005,"offset":{"y":0.11999999999999,"x":-0.53,"z":-0.14999999999999}}},"duffelbag":{"male":{"rotation":{"y":90.0,"x":-2.0,"z":-178.0},"bone":24818,"offset":{"y":-0.08,"x":-0.04999999999999,"z":-0.02}}},"duffelbag_pro2":{"male":{"rotation":{"y":90.0,"x":-10.0,"z":169.0},"bone":24818,"offset":{"y":-0.15,"x":-0.21,"z":0.04}}},"briefcase":{"male":{"bone":57005,"rotation":{"y":0.0,"x":90.0,"z":-108.0},"offset":{"y":0.02,"x":0.12,"z":-0.02}}},"backpack":{"male":{"rotation":{"y":90.0,"x":11.0,"z":177.0},"bone":24818,"offset":{"y":-0.15,"x":0.09,"z":-0.06999999999999}}}}