{"briefcase":{"male":{"bone":57005,"rotation":{"x":-99.0,"y":0.0,"z":78.0},"offset":{"x":0.16,"y":-0.00999999999999,"z":-0.01}}},"backpack":{"male":{"bone":24818,"rotation":{"x":11.0,"y":90.0,"z":177.0},"offset":{"x":0.09,"y":-0.15,"z":-0.06999999999999}}},"duffelbag":{"male":{"bone":24818,"rotation":{"x":-2.0,"y":90.0,"z":-178.0},"offset":{"x":-0.04999999999999,"y":-0.08,"z":-0.02}}},"duffelbag_pro2":{"male":{"bone":24818,"rotation":{"x":-10.0,"y":90.0,"z":169.0},"offset":{"x":-0.21,"y":-0.15,"z":0.04}}}}