{"duffelbag_pro2":{"male":{"bone":24818,"offset":{"y":-0.15,"x":-0.21,"z":0.04},"rotation":{"y":90.0,"x":-10.0,"z":169.0}}},"backpack":{"male":{"bone":24818,"offset":{"y":-0.15,"x":0.09,"z":-0.06999999999999},"rotation":{"y":90.0,"x":11.0,"z":177.0}}},"duffelbag":{"male":{"bone":24818,"offset":{"y":-0.08,"x":-0.04999999999999,"z":-0.02},"rotation":{"y":90.0,"x":-2.0,"z":-178.0}}},"handbag":{"male":{"bone":57005,"offset":{"y":0.11999999999999,"x":-0.53,"z":-0.14999999999999},"rotation":{"y":42.0,"x":153.0,"z":-56.0}}},"briefcase":{"male":{"bone":24818,"offset":{"y":0.06,"x":-0.47,"z":-0.29},"rotation":{"y":90.0,"x":1.0,"z":101.0}}}}