{"backpack":{"male":{"rotation":{"y":90.0,"z":177.0,"x":11.0},"offset":{"y":-0.15,"z":-0.06999999999999,"x":0.09},"bone":24818}},"handbag":{"male":{"rotation":{"y":42.0,"z":-56.0,"x":153.0},"offset":{"y":0.11999999999999,"z":-0.14999999999999,"x":-0.53},"bone":57005}},"duffelbag_pro2":{"male":{"rotation":{"y":90.0,"z":169.0,"x":-10.0},"offset":{"y":-0.15,"z":0.04,"x":-0.21},"bone":24818}},"duffelbag":{"male":{"rotation":{"y":90.0,"z":-178.0,"x":-2.0},"offset":{"y":-0.08,"z":-0.02,"x":-0.04999999999999},"bone":24818}},"briefcase":{"male":{"rotation":{"y":170.0,"z":97.0,"x":90.0},"bone":57005,"offset":{"y":-0.07999999999999,"z":0.07999999999999,"x":0.12}}}}